﻿Designator,Footprint,Quantity,Value,LCSC Part #
BZ1,Buzzer_TDK_PS1240P02BT_D12.2mm_H6.5mm,1,Buzzer,
"D1, D2, D3, D4",LED_D3.0mm,4,LED_ALT,
"D5, D6, D7, D8",Diode-dual,4,D_Small,
H1_2,MountingHole_4.3mm_M4_Pad,1,mounting pad,
H1,MountingHole_2mm,1,mounting pad,
"J1, J2",Molex_0039532135,2,Conn_01x13,
J10,PinHeader_1x02_P2.54mm_Vertical,1,Conn_01x02,
"J3, J4",Molex_039532134,2,Conn_01x13,
"J5, J6",Pin_Header_Straight_1x10_Pitch2.54mm,2,Conn_01x10,
"J7, J8",39-53-2135,2,Conn_01x13,
J9,PinHeader_1x04_P2.54mm_Vertical,1,Conn_01x04,
M1,MountingHole_6.4mm_M6,1,MountingHole_6.4mm_M6,
"R1, R2, R3, R4",Resistor-Hybrid,4,R_US,
R5,Resistor-Hybrid,1,R_22K,
SW1,RotaryEncoder_EC11,1,RotaryEncoder_Switch,
U1,YAAJ_WeAct_BlackPill_SWD_2,1,YAAJ_WeAct_BlackPill_Part_Like_SWD_Breakout,
