﻿Designator,Footprint,Quantity,Value,LCSC Part #
BZ1,Buzzer_TDK_PS1240P02BT_D12.2mm_H6.5mm,1,Buzzer,
D1,LED_D3.0mm,1,LED_CAPS,
D2,LED_D3.0mm,1,LED_NUM,
D3,LED_D3.0mm,1,LED_SCR,
D4,LED_D3.0mm,1,LED_ALT,
"D6, D7, D8",Diode-dual,3,D_Small,
H1,MountingHole_4.3mm_M4_Pad,1,mounting pad,
H2,MountingHole_2mm,1,mounting pad,
"J1, J2",Molex_0039532135,2,Conn_01x13,
J10,PinHeader_1x03_P2.54mm_Vertical,1,Extra,
"J3, J4",Molex_039532134,2,Conn_01x13,
"J5, J6",Pin_Header_Straight_1x10_Pitch2.54mm,2,Conn_01x10,
"J7, J8",39-53-2135,2,Conn_01x13,
J9,PinHeader_1x04_P2.54mm_Vertical,1,Conn_01x04,
JP1,SolderJumper-2_P1.3mm_Open_RoundedPad1.0x1.5mm,1,SolderJumper_2_Open,
M1,MountingHole_6.4mm_M6,1,MountingHole_6.4mm_M6,
"R1, R2, R3, R4",Resistor-Hybrid,4,R_US,
"R10, R11, R12, R13, R14, R15, R16, R17, R18, R19, R5, R6, R7, R8, R9",R_Axial_DIN0204_L3.6mm_D1.6mm_P5.08mm_Horizontal,15,10k,
U1,Elite-C,1,Elite-C,
U2,DIP-16_W7.62mm,1,74HC595,
